"FUNCTION_ID_ONE","FUNCTION_ID_TWO","FUNCTION_ONE_NAME","FUNCTION_ONE_TYPE","FUNCTION_ONE_STARTLINE","FUNCTION_ONE_ENDLINE","FUNCTION_TWO_NAME","FUNCTION_TWO_TYPE","FUNCTION_TWO_STARTLINE","FUNCTION_TWO_ENDLINE","FUNCTIONALITY_ID","SYNTACTIC_TYPE","SIMILARITY_LINE","SIMILARITY_TOKEN"
"3616773","12679523","980861.java","selected","150","159","2583640.java","selected","33","42","24","3","0.7","0.811594202898551"
"1366219","1533478","892047.java","selected","45","52","1740323.java","selected","79","86","39","3","0.75","0.931818181818182"
"48482","59363","127497.java","default","61","117","61177.java","default","61","122","36","3","0.753846153846154","0.792576419213974"
"2332","154176","102602.java","default","235","243","75101.java","default","343","349","31","3","0.777777777777778","0.873015873015873"
"4671832","7962427","1210265.java","selected","25","41","1334850.java","selected","31","45","18","3","0.705882352941176","0.66"
"4106017","4106018","1392470.java","selected","71","86","1392470.java","selected","93","110","42","3","0.789473684210526","0.860262008733624"
"17883770","18712047","1578910.java","selected","543","552","844874.java","selected","31","39","41","3","0.833333333333333","0.841463414634146"
"11270029","18196836","2617041.java","selected","46","65","1994958.java","selected","46","65","42","3","0.85","0.885416666666667"
"117149","147918","38786.java","default","61","117","110486.java","default","63","112","36","3","0.8","0.7117903930131"
"2315719","19654781","1833863.java","selected","95","103","918764.java","selected","17","25","13","3","0.7","0.805194805194805"
"6982182","21777343","1706233.java","selected","487","495","2543412.java","selected","222","230","41","3","0.727272727272727","0.938775510204082"
"9210368","16677102","552581.java","selected","79","87","273852.java","selected","891","898","13","3","0.7","0.861111111111111"
"110360","8766039","58352.java","default","22","24","412096.java","selected","9","11","20","3","0.8","0.914285714285714"
"49531","660105","95453.java","default","22","24","113690.java","default","24","26","20","3","0.8","0.941176470588235"
"7839340","23677156","1132772.java","selected","48","55","ShuffleArrayInPlace.java","sample","34","48","13","3","0.727272727272727","0.843373493975904"
"7836028","19045549","1470257.java","selected","232","241","2470676.java","selected","124","133","24","3","0.8","0.886792452830189"
"927501","6494291","20528.java","default","13","17","1252896.java","selected","73","77","20","3","0.714285714285714","0.952380952380952"
"7715939","16882119","6519.java","selected","189","193","2060290.java","selected","275","279","33","3","0.8","0.914285714285714"
"10228159","16566113","2710516.java","selected","215","223","687849.java","selected","531","540","41","3","0.75","0.853658536585366"
"928484","11298700","39843.java","default","13","17","1658863.java","selected","14","18","20","3","0.857142857142857","0.930232558139535"
"1874752","15277533","2140448.java","selected","70","79","1490073.java","selected","65","73","23","3","0.727272727272727","0.793103448275862"
"2062674","8704581","2094874.java","selected","169","176","366521.java","selected","61","67","23","3","0.75","0.850467289719626"
"831611","7849131","103548.java","default","22","24","2080776.java","selected","9","11","20","3","0.8","0.942857142857143"
"714206","11298700","56541.java","default","13","17","1658863.java","selected","14","18","20","3","0.857142857142857","0.930232558139535"
"561941","801665","28101.java","default","19","135","6854.java","default","24","125","32","3","0.868217054263566","0.897940074906367"
"2723889","10228159","2037851.java","selected","59","69","2710516.java","selected","215","223","41","3","0.769230769230769","0.806818181818182"
"161939","374432","100072.java","default","46","54","106331.java","default","83","91","39","3","0.888888888888889","0.981481481481482"
"461258","890226","4977.java","default","25","66","64631.java","default","26","62","32","3","0.761904761904762","0.846394984326019"
"3353836","20609903","45530.java","selected","107","116","1527985.java","selected","553","562","41","3","0.75","0.657407407407407"
"6842292","17122360","994733.java","selected","242","250","1119884.java","selected","577","585","41","3","0.727272727272727","0.826530612244898"
"512227","11298700","31722.java","default","13","17","1658863.java","selected","14","18","20","3","0.857142857142857","0.930232558139535"
"216509","18306140","89783.java","default","16","22","2738010.java","selected","551","558","41","3","0.7","0.903225806451613"
"15845539","18670726","2114402.java","selected","119","128","2164331.java","selected","347","356","24","3","0.7","0.774193548387097"
"820539","6234218","2976.java","default","13","17","1859243.java","selected","12","16","20","3","0.857142857142857","0.952380952380952"
"139734","139739","37159.java","default","527","556","37159.java","default","569","600","31","3","0.870967741935484","0.878306878306878"
"574106","8766039","135212.java","default","22","24","412096.java","selected","9","11","20","3","0.8","0.914285714285714"
"8704581","15998751","366521.java","selected","61","67","1885362.java","selected","42","49","23","3","0.75","0.850467289719626"
"7911954","15998749","1475086.java","selected","21","27","1885362.java","selected","15","22","23","3","0.75","0.792079207920792"
"413525","23677214","22340.java","default","173","178","DeleteFolderRecursively.java","sample","11","17","39","3","0.714285714285714","0.928571428571429"
"81754","7635628","22842.java","default","27","37","1939092.java","selected","16","27","7","3","0.714285714285714","0.848484848484849"
"48482","117806","127497.java","default","61","117","88523.java","default","61","122","36","3","0.753846153846154","0.792576419213974"
"1229100","17468722","849403.java","selected","418","427","2485419.java","selected","233","241","41","3","0.833333333333333","0.841463414634146"
"255647","458548","37682.java","default","5","7","10482.java","default","22","24","20","3","0.8","0.970588235294118"
"241851","6234218","40123.java","default","13","17","1859243.java","selected","12","16","20","3","0.857142857142857","0.952380952380952"
"4630754","14504867","932718.java","selected","85","95","963841.java","selected","58","68","41","3","0.769230769230769","0.902912621359223"
"911774","22324341","99468.java","default","13","17","2196988.java","selected","12","16","20","3","0.857142857142857","0.952380952380952"
"338304","834100","91894.java","default","290","297","120808.java","default","216","223","39","3","0.888888888888889","0.981132075471698"
"820539","23596438","2976.java","default","13","17","825906.java","selected","26","30","20","3","0.857142857142857","0.952380952380952"
"4825983","18257889","100172.java","selected","1171","1180","2278603.java","selected","194","203","41","3","0.75","0.650485436893204"
"6631509","6631513","1667191.java","selected","230","237","1667191.java","selected","373","380","24","3","0.875","0.897959183673469"
"12849793","13983500","1440276.java","selected","162","170","93785.java","selected","150","158","41","3","0.727272727272727","0.929292929292929"
"8704580","23414974","366521.java","selected","44","50","2339104.java","selected","22","27","23","3","0.714285714285714","0.905882352941176"
"939305","22324341","76273.java","default","13","17","2196988.java","selected","12","16","20","3","0.857142857142857","0.952380952380952"
"5454931","6977631","34946.java","selected","263","268","2490913.java","selected","402","408","23","3","0.777777777777778","0.902173913043478"
"9762195","20603727","1848473.java","selected","66","74","16259.java","selected","35","43","41","3","0.727272727272727","0.71875"
"18712047","20762045","844874.java","selected","31","39","868705.java","selected","425","434","41","3","0.833333333333333","0.841463414634146"
"694024","6494291","62476.java","default","13","17","1252896.java","selected","73","77","20","3","0.714285714285714","0.952380952380952"
"16440905","16440953","970915.java","selected","459","470","970915.java","selected","1078","1089","41","3","0.857142857142857","0.968253968253968"
"19654781","19654783","918764.java","selected","17","25","918764.java","selected","37","45","13","3","0.8","0.9375"
"18515107","21183100","1140734.java","selected","433","455","1437552.java","selected","473","500","23","3","0.793103448275862","0.798319327731092"
"1357747","1760180","420047.java","selected","148","155","62556.java","selected","83","90","23","3","0.777777777777778","0.95959595959596"
"49531","8766039","95453.java","default","22","24","412096.java","selected","9","11","20","3","0.8","0.914285714285714"
"6982182","15405473","1706233.java","selected","487","495","535284.java","selected","170","179","41","3","0.833333333333333","0.863636363636364"
"3837844","8182888","271253.java","selected","146","153","615216.java","selected","349","356","41","3","0.7","0.788732394366197"
"115582","116074","30382.java","default","63","112","52894.java","default","61","117","36","3","0.8","0.7117903930131"
"10228159","15131771","2710516.java","selected","215","223","115180.java","selected","377","386","41","3","0.75","0.853658536585366"
"308595","8766039","37647.java","default","22","24","412096.java","selected","9","11","20","3","0.8","0.914285714285714"
"434758","821798","127161.java","default","132","140","115527.java","default","46","54","39","3","0.888888888888889","0.981481481481482"
"567927","660105","130655.java","default","22","24","113690.java","default","24","26","20","3","0.8","0.941176470588235"
"10296435","11531231","313018.java","selected","164","172","936842.java","selected","256","263","24","3","0.777777777777778","0.728813559322034"
"2537400","5079997","2730348.java","selected","266","274","1814816.java","selected","463","471","41","3","0.818181818181818","0.96039603960396"
"564228","23185464","45331.java","default","7","25","1058948.java","selected","9","29","42","3","0.714285714285714","0.88"
"15911781","19389536","1372864.java","selected","426","435","1896417.java","selected","27","35","41","3","0.75","0.817073170731707"
"23677134","23677142","BubbleSort.java","sample","21","37","BubbleSort.java","sample","165","181","7","3","0.882352941176471","0.981981981981982"
"299389","6494291","113986.java","default","13","17","1252896.java","selected","73","77","20","3","0.714285714285714","0.952380952380952"
"3416138","12822974","1475283.java","selected","313","318","596111.java","selected","72","77","23","3","0.75","0.964285714285714"
"9019939","10637999","1062090.java","selected","127","137","1051350.java","selected","86","96","41","3","0.846153846153846","0.922330097087379"
"1936695","6328532","1109516.java","selected","143","153","2742293.java","selected","166","176","41","3","0.769230769230769","0.92156862745098"
"2413963","21884793","1778122.java","selected","138","147","515120.java","selected","1754","1762","41","3","0.833333333333333","0.882882882882883"
"21273055","21273060","665194.java","selected","607","652","665194.java","selected","777","814","7","3","0.777777777777778","0.779017857142857"
"5676","46804","17532.java","default","61","122","54665.java","default","63","112","36","3","0.723076923076923","0.707423580786026"
"2307487","3283992","890744.java","selected","1067","1074","2605626.java","selected","1061","1068","41","3","0.75","0.974358974358974"
"6138230","19654783","1718226.java","selected","76","84","918764.java","selected","37","45","13","3","0.8","0.8"
"21192","131242","74770.java","default","61","122","135803.java","default","61","117","36","3","0.753846153846154","0.792576419213974"
"17122360","21777343","1119884.java","selected","577","585","2543412.java","selected","222","230","41","3","0.818181818181818","0.826530612244898"
"3324262","4133428","594135.java","selected","210","218","1090867.java","selected","542","551","41","3","0.833333333333333","0.841463414634146"
"59328","169124","54039.java","default","294","308","53513.java","default","205","221","31","3","0.722222222222222","0.757396449704142"
"76607","561941","81694.java","default","24","125","28101.java","default","19","135","32","3","0.868217054263566","0.897940074906367"
"12267275","16775310","2042278.java","selected","160","169","298374.java","selected","269","278","24","3","0.7","0.634920634920635"
"7436917","16380022","421582.java","selected","103","111","2159649.java","selected","28","36","13","3","0.7","0.914285714285714"
"46804","51282","54665.java","default","63","112","106959.java","default","61","122","36","3","0.723076923076923","0.707423580786026"
"2874892","8842301","2543450.java","selected","78","88","2419115.java","selected","27","36","24","3","0.727272727272727","0.892857142857143"
"986109","12335352","2364886.java","selected","1221","1229","240671.java","selected","787","795","41","3","0.818181818181818","0.96969696969697"
"741289","11298700","123634.java","default","13","17","1658863.java","selected","14","18","20","3","0.857142857142857","0.930232558139535"
"15064","1313371","42085.java","default","58","69","2454556.java","selected","20","30","13","3","0.8","0.880733944954128"
"14499002","16536090","1689589.java","selected","906","916","1734265.java","selected","73","83","41","3","0.769230769230769","0.951456310679612"
"5079997","13983500","1814816.java","selected","463","471","93785.java","selected","150","158","41","3","0.727272727272727","0.910891089108911"
"53204","135138","15603.java","default","24","26","24290.java","default","22","24","20","3","0.8","0.941176470588235"
"15845539","16774111","2114402.java","selected","119","128","2482020.java","selected","290","298","24","3","0.7","0.852459016393443"
"12962394","14009710","1821592.java","selected","891","898","2702525.java","selected","70","78","13","3","0.7","0.861111111111111"
"526734","801665","81983.java","default","18","134","6854.java","default","24","125","32","3","0.868217054263566","0.897940074906367"
"5454931","12822974","34946.java","selected","263","268","596111.java","selected","72","77","23","3","0.75","0.964285714285714"
"17122360","17663965","1119884.java","selected","577","585","2557108.java","selected","29","37","41","3","0.727272727272727","0.826530612244898"
"6517610","15131771","209583.java","selected","209","217","115180.java","selected","377","386","41","3","0.833333333333333","0.841463414634146"
"10641420","22567360","2057480.java","selected","80","87","84634.java","selected","87","94","23","3","0.75","0.923913043478261"
"8952244","20691201","2337186.java","selected","162","178","1021772.java","selected","14","30","24","3","0.764705882352941","0.9"
"2474379","8868514","2560459.java","selected","67","72","584246.java","selected","272","278","23","3","0.714285714285714","0.905882352941176"
"518706","11298700","21403.java","default","13","17","1658863.java","selected","14","18","20","3","0.857142857142857","0.930232558139535"
"10598170","20181656","13733.java","selected","64","76","1575844.java","selected","803","814","7","3","0.733333333333333","0.808695652173913"
"628780","855132","56554.java","default","46","54","108143.java","default","83","91","39","3","0.888888888888889","0.981481481481482"
"4630753","10637999","932718.java","selected","73","83","1051350.java","selected","86","96","41","3","0.769230769230769","0.922330097087379"
"12849793","20644778","1440276.java","selected","162","170","2604410.java","selected","463","471","41","3","0.727272727272727","0.97029702970297"
"710361","719299","103630.java","default","8","22","106485.java","default","8","23","45","3","0.705882352941176","0.862595419847328"
"23677196","23677198","FileChooser.java","sample","38","65","FileChooser.java","sample","96","123","31","3","0.894736842105263","0.965217391304348"
"550310","767735","1604.java","default","24","125","119198.java","default","19","135","32","3","0.868217054263566","0.897940074906367"
"801169","3989355","36610.java","default","13","17","1544827.java","selected","32","36","20","3","0.857142857142857","0.930232558139535"
"9210368","12962394","552581.java","selected","79","87","1821592.java","selected","891","898","13","3","0.7","0.861111111111111"
"217750","22324341","34939.java","default","13","17","2196988.java","selected","12","16","20","3","0.857142857142857","0.952380952380952"
"155209","634190","65246.java","default","22","24","107006.java","default","20","22","20","3","0.8","0.970588235294118"
"12132058","19045549","1880468.java","selected","211","221","2470676.java","selected","124","133","24","3","0.727272727272727","0.7"
"2451218","16677102","662269.java","selected","77","85","273852.java","selected","891","898","13","3","0.7","0.861111111111111"
"541801","11298700","17076.java","default","13","17","1658863.java","selected","14","18","20","3","0.857142857142857","0.930232558139535"
"395956","750411","69501.java","default","9","26","75622.java","default","8","26","45","3","0.7","0.832258064516129"
"117806","147918","88523.java","default","61","122","110486.java","default","63","112","36","3","0.738461538461539","0.707423580786026"
"13618611","21109744","2703818.java","selected","838","855","1715487.java","selected","367","384","24","3","0.888888888888889","0.964539007092199"
"9466324","9466326","1665475.java","selected","546","558","1665475.java","selected","577","589","41","3","0.857142857142857","0.986577181208054"
"670345","3989355","549.java","default","13","17","1544827.java","selected","32","36","20","3","0.857142857142857","0.930232558139535"
"244233","6494291","68789.java","default","13","17","1252896.java","selected","73","77","20","3","0.714285714285714","0.952380952380952"
"1494474","17561649","2372304.java","selected","98","111","729859.java","selected","125","138","23","3","0.714285714285714","0.90625"
"4031802","18712047","1017245.java","selected","428","437","844874.java","selected","31","39","41","3","0.833333333333333","0.841463414634146"
"598483","742572","109894.java","default","57","80","106460.java","default","18","49","10","3","0.75","0.707317073170732"
"14024","845967","120570.java","default","24","125","127473.java","default","19","135","32","3","0.868217054263566","0.897940074906367"
"6328532","6689657","2742293.java","selected","166","176","551360.java","selected","627","637","41","3","0.846153846153846","0.941176470588235"
"12335351","19560450","240671.java","selected","771","779","395317.java","selected","124","132","41","3","0.818181818181818","0.96969696969697"
"98184","356214","99495.java","default","24","125","71444.java","default","19","135","32","3","0.868217054263566","0.897940074906367"
"224087","6234218","59549.java","default","13","17","1859243.java","selected","12","16","20","3","0.857142857142857","0.952380952380952"
"265214","580527","49637.java","default","18","44","51911.java","default","57","80","10","3","0.888888888888889","0.878787878787879"
"4721884","14779144","2417484.java","selected","265","274","1006039.java","selected","165","175","24","3","0.727272727272727","0.555555555555556"
"157746","22324341","59849.java","default","13","17","2196988.java","selected","12","16","20","3","0.857142857142857","0.952380952380952"
"207271","23596438","35785.java","default","13","17","825906.java","selected","26","30","20","3","0.857142857142857","0.952380952380952"
"6138230","7839341","1718226.java","selected","76","84","1132772.java","selected","63","70","13","3","0.7","0.861111111111111"
"2725289","5406874","2158829.java","selected","31","40","2732883.java","selected","106","114","41","3","0.75","0.756302521008403"
"216509","11719424","89783.java","default","16","22","957171.java","selected","540","547","41","3","0.7","0.903225806451613"
"17704409","21420091","957763.java","selected","913","922","1812318.java","selected","425","434","41","3","0.75","0.802197802197802"
"21273051","21273059","665194.java","selected","487","510","665194.java","selected","751","775","7","3","0.892857142857143","0.928888888888889"
"14846","116074","127805.java","default","63","112","52894.java","default","61","117","36","3","0.8","0.7117903930131"
"20328639","20328640","1752902.java","selected","166","176","1752902.java","selected","178","188","13","3","0.833333333333333","0.975"
"15730395","17122360","1268821.java","selected","193","201","1119884.java","selected","577","585","41","3","0.727272727272727","0.818181818181818"
"563744","6234218","45206.java","default","13","17","1859243.java","selected","12","16","20","3","0.857142857142857","0.952380952380952"
"17468722","19389536","2485419.java","selected","233","241","1896417.java","selected","27","35","41","3","0.727272727272727","0.780487804878049"
"10031370","21284074","1638888.java","selected","7","18","949275.java","selected","29","41","12","3","0.714285714285714","0.805194805194805"
"2168607","2168610","180318.java","selected","55","91","180318.java","selected","173","206","10","3","0.868421052631579","0.874125874125874"
"10303828","10972333","1666727.java","selected","206","211","93041.java","selected","639","644","23","3","0.875","0.976470588235294"
"154062","818830","119716.java","default","19","135","62004.java","default","24","125","32","3","0.868217054263566","0.897940074906367"
"111978","6234218","78674.java","default","13","17","1859243.java","selected","12","16","20","3","0.857142857142857","0.952380952380952"
"7849131","8766039","2080776.java","selected","9","11","412096.java","selected","9","11","20","3","0.8","0.971428571428571"
"546906","6494291","10736.java","default","13","17","1252896.java","selected","73","77","20","3","0.714285714285714","0.952380952380952"
"789019","4328783","15826.java","default","13","17","2721156.java","selected","22","26","20","3","0.857142857142857","0.976190476190476"
"149842","418058","46472.java","default","216","223","51983.java","default","124","131","39","3","0.888888888888889","0.981132075471698"
"5652166","14598564","2312307.java","selected","325","335","1542784.java","selected","98","108","41","3","0.769230769230769","0.970873786407767"
"115582","117806","30382.java","default","63","112","88523.java","default","61","122","36","3","0.738461538461539","0.707423580786026"
"19987055","21498404","183896.java","selected","65","73","1911150.java","selected","187","196","41","3","0.75","0.778947368421053"
"927501","3989355","20528.java","default","13","17","1544827.java","selected","32","36","20","3","0.857142857142857","0.930232558139535"
"946511","11298700","91574.java","default","13","17","1658863.java","selected","14","18","20","3","0.857142857142857","0.930232558139535"
"207292","255647","135130.java","default","22","24","37682.java","default","5","7","20","3","0.8","0.970588235294118"
"3616770","10296435","980861.java","selected","114","123","313018.java","selected","164","172","24","3","0.7","0.803030303030303"
"986109","19560450","2364886.java","selected","1221","1229","395317.java","selected","124","132","41","3","0.727272727272727","0.94949494949495"
"13614426","17704409","526365.java","selected","543","552","957763.java","selected","913","922","41","3","0.75","0.802197802197802"
"539004","606579","13934.java","default","96","104","92221.java","default","101","109","41","3","0.727272727272727","0.888888888888889"
"567927","17331818","130655.java","default","22","24","256969.java","selected","16","18","20","3","0.8","0.942857142857143"
"396828","11298700","81946.java","default","13","17","1658863.java","selected","14","18","20","3","0.857142857142857","0.930232558139535"
"7911954","11028375","1475086.java","selected","21","27","2521145.java","selected","301","307","23","3","0.857142857142857","0.841584158415842"
"10732","3989355","102943.java","default","13","17","1544827.java","selected","32","36","20","3","0.857142857142857","0.930232558139535"
"986109","5236784","2364886.java","selected","1221","1229","1202455.java","selected","7","15","41","3","0.818181818181818","0.95959595959596"
"11184909","13620417","1499680.java","selected","32","45","2645497.java","selected","255","266","24","3","0.714285714285714","0.839506172839506"
"858382","22324341","29950.java","default","13","17","2196988.java","selected","12","16","20","3","0.857142857142857","0.952380952380952"
"646740","4328783","103574.java","default","13","17","2721156.java","selected","22","26","20","3","0.857142857142857","0.976190476190476"
"858382","23596438","29950.java","default","13","17","825906.java","selected","26","30","20","3","0.857142857142857","0.952380952380952"
"461258","526736","4977.java","default","25","66","12121.java","default","26","62","32","3","0.761904761904762","0.846394984326019"
"458999","937056","111983.java","default","26","62","118413.java","default","25","66","32","3","0.761904761904762","0.846394984326019"
"2332","216274","102602.java","default","235","243","112293.java","default","384","390","31","3","0.777777777777778","0.873015873015873"
"400358","406587","67282.java","default","83","91","61252.java","default","46","54","39","3","0.888888888888889","0.981481481481482"
"21273053","21273055","665194.java","selected","537","570","665194.java","selected","607","652","7","3","0.722222222222222","0.678571428571429"
"9514","729334","56276.java","default","25","66","64310.java","default","26","62","32","3","0.761904761904762","0.846394984326019"
"245665","4328783","46050.java","default","13","17","2721156.java","selected","22","26","20","3","0.857142857142857","0.976190476190476"
"606579","9346447","92221.java","default","101","109","2453374.java","selected","143","151","41","3","0.727272727272727","0.888888888888889"
"53204","670847","15603.java","default","24","26","114036.java","default","22","24","20","3","0.8","0.941176470588235"
"6409829","16536091","860471.java","selected","73","83","1734265.java","selected","85","95","41","3","0.846153846153846","0.961165048543689"
"461151","22324341","98860.java","default","13","17","2196988.java","selected","12","16","20","3","0.857142857142857","0.952380952380952"
"6938966","23677155","1999677.java","selected","7","15","ShuffleArrayInPlace.java","sample","16","32","13","3","0.75","0.772727272727273"
"149672","495678","128330.java","default","8","25","28794.java","default","9","28","45","3","0.8","0.838509316770186"
"298517","11298700","120094.java","default","13","17","1658863.java","selected","14","18","20","3","0.857142857142857","0.930232558139535"
"165762","537782","91569.java","default","19","135","132654.java","default","24","125","32","3","0.868217054263566","0.897940074906367"
"189986","598483","9310.java","default","18","44","109894.java","default","57","80","10","3","0.888888888888889","0.878787878787879"
"1666041","6689657","2296687.java","selected","92","102","551360.java","selected","627","637","41","3","0.846153846153846","0.950980392156863"
"812840","6494291","16496.java","default","13","17","1252896.java","selected","73","77","20","3","0.714285714285714","0.952380952380952"
"3616770","4721884","980861.java","selected","114","123","2417484.java","selected","265","274","24","3","0.8","0.688888888888889"
"3814208","4328783","2560904.java","selected","35","39","2721156.java","selected","22","26","20","3","0.857142857142857","0.976190476190476"
"193560","22324341","95950.java","default","13","17","2196988.java","selected","12","16","20","3","0.857142857142857","0.952380952380952"
"3616770","12267275","980861.java","selected","114","123","2042278.java","selected","160","169","24","3","0.7","0.666666666666667"
"19654780","23677156","918764.java","selected","7","15","ShuffleArrayInPlace.java","sample","34","48","13","3","0.818181818181818","0.91566265060241"
"936424","6494291","53567.java","default","13","17","1252896.java","selected","73","77","20","3","0.714285714285714","0.952380952380952"
"245913","519360","1396.java","default","25","66","38977.java","default","26","62","32","3","0.761904761904762","0.846394984326019"
"23677136","23677144","BubbleSort.java","sample","57","73","BubbleSort.java","sample","201","217","7","3","0.882352941176471","0.981981981981982"
"2204402","12267275","555015.java","selected","687","697","2042278.java","selected","160","169","24","3","0.727272727272727","0.482352941176471"
"1789229","1789233","2379660.java","selected","68","84","2379660.java","selected","140","156","14","3","0.833333333333333","0.915254237288136"
"147525","301956","66111.java","default","8","26","73701.java","default","9","28","45","3","0.7","0.891025641025641"
"1954654","1954656","2364940.java","selected","20","26","2364940.java","selected","45","51","19","3","0.857142857142857","0.933333333333333"
"12267275","14631177","2042278.java","selected","160","169","2494793.java","selected","140","151","24","3","0.833333333333333","0.75"
"6517610","19987055","209583.java","selected","209","217","183896.java","selected","65","73","41","3","0.727272727272727","0.933333333333333"
"18688917","22116692","729493.java","selected","14","18","2213286.java","selected","61","65","33","3","0.8","0.75"
"379080","6234218","104755.java","default","13","17","1859243.java","selected","12","16","20","3","0.857142857142857","0.952380952380952"
"1760180","15549036","62556.java","selected","83","90","2577087.java","selected","41","49","23","3","0.8","0.940594059405941"
"18712047","21433001","844874.java","selected","31","39","1316903.java","selected","435","444","41","3","0.833333333333333","0.841463414634146"
"80861","23596438","62142.java","default","13","17","825906.java","selected","26","30","20","3","0.857142857142857","0.952380952380952"
"3353836","18257889","45530.java","selected","107","116","2278603.java","selected","194","203","41","3","0.75","0.740740740740741"
"207292","15910370","135130.java","default","22","24","1798809.java","selected","44","46","20","3","0.8","0.911764705882353"
"519360","921626","38977.java","default","26","62","45706.java","default","25","66","32","3","0.761904761904762","0.846394984326019"
"76607","845967","81694.java","default","24","125","127473.java","default","19","135","32","3","0.868217054263566","0.897940074906367"
"18257889","19373644","2278603.java","selected","194","203","2587973.java","selected","426","435","41","3","0.75","0.650485436893204"
"53204","307528","15603.java","default","24","26","48270.java","default","22","24","20","3","0.8","0.941176470588235"
"80963","833767","4342.java","default","46","54","57143.java","default","83","91","39","3","0.888888888888889","0.981481481481482"
"15595626","15595627","2520773.java","selected","169","177","2520773.java","selected","179","186","41","3","0.75","0.885964912280702"
"147668","6234218","80028.java","default","13","17","1859243.java","selected","12","16","20","3","0.857142857142857","0.952380952380952"
"6517610","13811176","209583.java","selected","209","217","1880284.java","selected","382","391","41","3","0.833333333333333","0.841463414634146"
"939305","23596438","76273.java","default","13","17","825906.java","selected","26","30","20","3","0.857142857142857","0.952380952380952"
"1936695","6689657","1109516.java","selected","143","153","551360.java","selected","627","637","41","3","0.769230769230769","0.92156862745098"
"5406874","23677220","2732883.java","selected","106","114","TransposeMatrix.java","sample","4","12","41","3","0.727272727272727","0.888888888888889"
"5454931","21163435","34946.java","selected","263","268","2671715.java","selected","603","608","23","3","0.875","0.954022988505747"
"5540460","6322228","1032182.java","selected","73","91","843950.java","selected","9","27","42","3","0.894736842105263","0.950354609929078"
"493860","7849131","40946.java","default","22","24","2080776.java","selected","9","11","20","3","0.8","0.942857142857143"
"147668","22324341","80028.java","default","13","17","2196988.java","selected","12","16","20","3","0.857142857142857","0.952380952380952"
"3291256","3626532","566061.java","selected","143","163","1817485.java","selected","102","130","43","3","0.7","0.781395348837209"
"776780","4328783","116591.java","default","13","17","2721156.java","selected","22","26","20","3","0.857142857142857","0.976190476190476"
"187828","22324341","82373.java","default","13","17","2196988.java","selected","12","16","20","3","0.857142857142857","0.952380952380952"
"513246","4328783","128215.java","default","13","17","2721156.java","selected","22","26","20","3","0.857142857142857","0.976190476190476"
"22683","280465","21199.java","default","655","795","28484.java","default","284","443","34","3","0.757225433526012","0.85934360348292"
"14902624","20006825","377464.java","selected","172","181","1563059.java","selected","7","16","23","3","0.727272727272727","0.838709677419355"
"18257889","20762045","2278603.java","selected","194","203","868705.java","selected","425","434","41","3","0.75","0.650485436893204"
"986079","2537400","2364886.java","selected","517","525","2730348.java","selected","266","274","41","3","0.818181818181818","0.959183673469388"
"8227164","23677137","372059.java","selected","33","47","BubbleSort.java","sample","75","91","7","3","0.8125","0.92"
"113681","144769","15247.java","default","57","80","135319.java","default","18","44","10","3","0.888888888888889","0.878787878787879"
"17122360","20603727","1119884.java","selected","577","585","16259.java","selected","35","43","41","3","0.727272727272727","0.822916666666667"
"50918","356561","39413.java","default","290","297","134537.java","default","216","223","39","3","0.888888888888889","0.981132075471698"
"7467573","15821142","456237.java","selected","39","97","1760795.java","selected","40","95","41","3","0.805970149253731","0.9064039408867"
"986109","12849793","2364886.java","selected","1221","1229","1440276.java","selected","162","170","41","3","0.818181818181818","0.95959595959596"
"11440870","18712047","2274744.java","selected","413","422","844874.java","selected","31","39","41","3","0.833333333333333","0.841463414634146"
"4721884","19164864","2417484.java","selected","265","274","2480556.java","selected","159","168","24","3","0.8","0.488888888888889"
"495678","744497","28794.java","default","9","28","110908.java","default","8","29","45","3","0.863636363636364","0.885714285714286"
"986109","5079997","2364886.java","selected","1221","1229","1814816.java","selected","463","471","41","3","0.727272727272727","0.930693069306931"
"1906880","2177123","1320806.java","selected","187","227","1442549.java","selected","73","107","24","3","0.837209302325581","0.824175824175824"
"130683","145910","15356.java","default","208","245","110890.java","default","202","237","31","3","0.789473684210526","0.930555555555556"
"741289","6234218","123634.java","default","13","17","1859243.java","selected","12","16","20","3","0.857142857142857","0.952380952380952"
"120778","6494291","70893.java","default","13","17","1252896.java","selected","73","77","20","3","0.714285714285714","0.952380952380952"
"11719427","18257888","957171.java","selected","583","591","2278603.java","selected","185","192","41","3","0.727272727272727","0.827160493827161"
"539004","3353836","13934.java","default","96","104","45530.java","selected","107","116","41","3","0.75","0.851851851851852"
"17122360","23677220","1119884.java","selected","577","585","TransposeMatrix.java","sample","4","12","41","3","0.727272727272727","0.818181818181818"
"6719725","6719729","1648136.java","selected","162","173","1648136.java","selected","222","235","42","3","0.785714285714286","0.89622641509434"
"1968388","6151193","1514846.java","selected","23","31","2308223.java","selected","418","427","41","3","0.75","0.829268292682927"
"10781751","15911781","1733369.java","selected","27","35","1372864.java","selected","426","435","41","3","0.75","0.817073170731707"
"1466801","10844851","2095498.java","selected","249","261","292515.java","selected","40","50","41","3","0.733333333333333","0.857142857142857"
"2353890","6429432","2705414.java","selected","1209","1251","2216293.java","selected","338","388","41","3","0.745098039215686","0.979245283018868"
"1666041","6409829","2296687.java","selected","92","102","860471.java","selected","73","83","41","3","0.769230769230769","0.922330097087379"
"430406","864227","88233.java","default","18","44","97964.java","default","57","80","10","3","0.888888888888889","0.878787878787879"
"481375","23677135","6459.java","default","58","74","BubbleSort.java","sample","39","55","7","3","0.722222222222222","0.895238095238095"
"4673939","23675955","21906.java","selected","53","67","2475895.java","selected","228","243","24","3","0.75","0.757575757575758"
"216509","14321943","89783.java","default","16","22","39335.java","selected","335","342","41","3","0.7","0.903225806451613"
"801665","837155","6854.java","default","24","125","87617.java","default","19","135","32","3","0.868217054263566","0.897940074906367"
"7707971","13983500","1321014.java","selected","125","133","93785.java","selected","150","158","41","3","0.727272727272727","0.929292929292929"
"6409830","9019939","860471.java","selected","85","95","1062090.java","selected","127","137","41","3","0.769230769230769","0.893203883495146"
"859991","935624","44433.java","default","90","98","71042.java","default","46","54","39","3","0.888888888888889","0.981481481481482"
"741289","6494291","123634.java","default","13","17","1252896.java","selected","73","77","20","3","0.714285714285714","0.952380952380952"
"222638","222640","104740.java","default","305","315","104740.java","default","339","351","31","3","0.857142857142857","0.844827586206897"
"21548455","23414974","2439312.java","selected","28","33","2339104.java","selected","22","27","23","3","0.833333333333333","0.927710843373494"
"815304","881801","131301.java","default","90","98","26064.java","default","46","54","39","3","0.888888888888889","0.981481481481482"
"6963063","20660203","1004029.java","selected","5","20","1728095.java","selected","5","20","7","3","0.842105263157895","0.94375"
"8640120","15765308","2022414.java","selected","91","101","737213.java","selected","189","200","24","3","0.833333333333333","0.679012345679012"
"3844626","5079997","2497703.java","selected","387","395","1814816.java","selected","463","471","41","3","0.727272727272727","0.95049504950495"
"10228159","11440870","2710516.java","selected","215","223","2274744.java","selected","413","422","41","3","0.75","0.853658536585366"
"265214","598483","49637.java","default","18","44","109894.java","default","57","80","10","3","0.888888888888889","0.878787878787879"
"245913","458999","1396.java","default","25","66","111983.java","default","26","62","32","3","0.761904761904762","0.846394984326019"
"539442","662293","70431.java","default","46","54","126833.java","default","90","98","39","3","0.888888888888889","0.981481481481482"
"3353836","4133428","45530.java","selected","107","116","1090867.java","selected","542","551","41","3","0.75","0.657407407407407"
"881839","6494291","125703.java","default","13","17","1252896.java","selected","73","77","20","3","0.714285714285714","0.952380952380952"
"936424","6234218","53567.java","default","13","17","1859243.java","selected","12","16","20","3","0.857142857142857","0.952380952380952"
"323284","7849131","58010.java","default","22","24","2080776.java","selected","9","11","20","3","0.8","0.942857142857143"
"7227330","23677133","97366.java","selected","40","56","BubbleSort.java","sample","3","19","7","3","0.722222222222222","0.75"
"4645945","4721884","2105296.java","selected","81","90","2417484.java","selected","265","274","24","3","0.7","0.533333333333333"
"80830","383960","48824.java","default","117","222","44688.java","default","160","251","30","3","0.863636363636364","0.887111111111111"
"725501","6494291","19891.java","default","13","17","1252896.java","selected","73","77","20","3","0.714285714285714","0.952380952380952"
"8227164","23677135","372059.java","selected","33","47","BubbleSort.java","sample","39","55","7","3","0.8125","0.92"
"863588","11298700","51387.java","default","13","17","1658863.java","selected","14","18","20","3","0.857142857142857","0.930232558139535"
"80963","434758","4342.java","default","46","54","127161.java","default","132","140","39","3","0.888888888888889","0.981481481481482"
"160205","4328783","14833.java","default","13","17","2721156.java","selected","22","26","20","3","0.857142857142857","0.976190476190476"
"634190","660105","107006.java","default","20","22","113690.java","default","24","26","20","3","0.8","0.970588235294118"
"14631177","19045549","2494793.java","selected","140","151","2470676.java","selected","124","133","24","3","0.75","0.75"
"6429432","22713046","2216293.java","selected","338","388","1385666.java","selected","1195","1237","41","3","0.745098039215686","0.979245283018868"
"454857","22324341","44659.java","default","13","17","2196988.java","selected","12","16","20","3","0.857142857142857","0.952380952380952"
"2622925","5776558","1965533.java","selected","281","298","1098325.java","selected","281","298","14","3","0.894736842105263","0.980392156862745"
"223969","646016","58395.java","default","57","80","31118.java","default","18","44","10","3","0.888888888888889","0.878787878787879"
"10844851","14617665","292515.java","selected","40","50","1818629.java","selected","297","307","41","3","0.769230769230769","0.941747572815534"
"3837844","11719424","271253.java","selected","146","153","957171.java","selected","540","547","41","3","0.7","0.788732394366197"
"14504867","17704409","963841.java","selected","58","68","957763.java","selected","913","922","41","3","0.769230769230769","0.811881188118812"
"986079","5079997","2364886.java","selected","517","525","1814816.java","selected","463","471","41","3","0.818181818181818","0.920792079207921"
"314561","6234218","46902.java","default","13","17","1859243.java","selected","12","16","20","3","0.857142857142857","0.952380952380952"
"13295660","14598564","2474941.java","selected","486","496","1542784.java","selected","98","108","41","3","0.846153846153846","0.951456310679612"
"103277","6119301","86434.java","default","10","16","2704131.java","selected","507","513","20","3","0.857142857142857","0.974358974358974"
"11440870","19389536","2274744.java","selected","413","422","1896417.java","selected","27","35","41","3","0.75","0.817073170731707"
"154062","159787","119716.java","default","19","135","77900.java","default","24","125","32","3","0.868217054263566","0.897940074906367"
"144769","223969","135319.java","default","18","44","58395.java","default","57","80","10","3","0.888888888888889","0.878787878787879"
"9019939","14731799","1062090.java","selected","127","137","1921563.java","selected","134","144","41","3","0.846153846153846","0.931372549019608"
"11400348","17619207","515081.java","selected","30","34","1219581.java","selected","653","657","41","3","0.875","0.969072164948454"
"3365958","8227164","12404.java","selected","62","76","372059.java","selected","33","47","7","3","0.8125","0.92"
"80554","374149","110001.java","default","26","62","77072.java","default","25","66","32","3","0.761904761904762","0.846394984326019"
"86878","117806","2890.java","default","63","112","88523.java","default","61","122","36","3","0.738461538461539","0.707423580786026"
"1494474","9639113","2372304.java","selected","98","111","1525190.java","selected","125","138","23","3","0.714285714285714","0.90625"
"2725289","7707971","2158829.java","selected","31","40","1321014.java","selected","125","133","41","3","0.75","0.739495798319328"
"748154","22324341","48890.java","default","13","17","2196988.java","selected","12","16","20","3","0.857142857142857","0.952380952380952"
"49610","120114","29267.java","default","87","109","40028.java","default","54","76","36","3","0.826086956521739","0.887179487179487"
"165907","23596438","97910.java","default","13","17","825906.java","selected","26","30","20","3","0.857142857142857","0.952380952380952"
"2699043","21655926","2424712.java","selected","109","117","1322429.java","selected","988","997","41","3","0.833333333333333","0.841463414634146"
"8794510","23677135","1373509.java","selected","7","20","BubbleSort.java","sample","39","55","7","3","0.75","0.869158878504673"
"298517","3989355","120094.java","default","13","17","1544827.java","selected","32","36","20","3","0.857142857142857","0.930232558139535"
"1968388","14313423","1514846.java","selected","23","31","179109.java","selected","336","344","41","3","0.727272727272727","0.695121951219512"
"4630754","13295660","932718.java","selected","85","95","2474941.java","selected","486","496","41","3","0.769230769230769","0.922330097087379"
"1968388","17883770","1514846.java","selected","23","31","1578910.java","selected","543","552","41","3","0.75","0.829268292682927"
"20603726","21777343","16259.java","selected","18","26","2543412.java","selected","222","230","41","3","0.727272727272727","0.928571428571429"
"437273","842876","65335.java","default","24","26","122409.java","default","22","24","20","3","0.8","0.941176470588235"
"5236784","15405473","1202455.java","selected","7","15","535284.java","selected","170","179","41","3","0.75","0.845454545454545"
"259443","23596438","21979.java","default","13","17","825906.java","selected","26","30","20","3","0.857142857142857","0.952380952380952"
"6322228","23185464","843950.java","selected","9","27","1058948.java","selected","9","29","42","3","0.714285714285714","0.88"
"80861","6494291","62142.java","default","13","17","1252896.java","selected","73","77","20","3","0.714285714285714","0.952380952380952"
"59200","22324341","39091.java","default","13","17","2196988.java","selected","12","16","20","3","0.857142857142857","0.952380952380952"
"695790","23596438","126563.java","default","13","17","825906.java","selected","26","30","20","3","0.857142857142857","0.952380952380952"
"755767","3989355","76701.java","default","13","17","1544827.java","selected","32","36","20","3","0.857142857142857","0.930232558139535"
"6589981","7582861","2221389.java","selected","202","212","1818389.java","selected","284","294","23","3","0.727272727272727","0.907216494845361"
"2159455","10079208","92861.java","selected","191","198","1366996.java","selected","174","181","23","3","0.888888888888889","0.979591836734694"
"2332","154179","102602.java","default","235","243","75101.java","default","376","382","31","3","0.777777777777778","0.873015873015873"
"469341","22324341","135777.java","default","13","17","2196988.java","selected","12","16","20","3","0.857142857142857","0.952380952380952"
"6328532","19685462","2742293.java","selected","166","176","1317195.java","selected","52","63","41","3","0.785714285714286","0.906542056074766"
"6882723","19389536","1857154.java","selected","199","210","1896417.java","selected","27","35","41","3","0.714285714285714","0.757281553398058"
"10781751","21655926","1733369.java","selected","27","35","1322429.java","selected","988","997","41","3","0.75","0.817073170731707"
"216509","18257888","89783.java","default","16","22","2278603.java","selected","185","192","41","3","0.7","0.666666666666667"
"9477765","23414974","2530570.java","selected","137","142","2339104.java","selected","22","27","23","3","0.833333333333333","0.927710843373494"
"6842292","17663965","994733.java","selected","242","250","2557108.java","selected","29","37","41","3","0.818181818181818","0.959183673469388"
"160205","23596438","14833.java","default","13","17","825906.java","selected","26","30","20","3","0.857142857142857","0.952380952380952"
"757697","820983","58183.java","default","1587","1694","92768.java","default","386","498","45","3","0.849557522123894","0.937713310580205"
"847423","23596438","100171.java","default","13","17","825906.java","selected","26","30","20","3","0.857142857142857","0.952380952380952"
"21940605","23020067","802711.java","selected","528","537","934360.java","selected","90","98","24","3","0.727272727272727","0.716981132075472"
"11892804","23677133","2467194.java","selected","201","216","BubbleSort.java","sample","3","19","7","3","0.764705882352941","0.893203883495146"
"163980","2850082","133849.java","default","8","21","2237182.java","selected","22","38","45","3","0.705882352941176","0.761194029850746"
"1561435","3264929","2465371.java","selected","108","117","1183324.java","selected","8","17","14","3","0.846153846153846","0.967741935483871"
"311166","6234218","12148.java","default","13","17","1859243.java","selected","12","16","20","3","0.857142857142857","0.952380952380952"
"4645945","14489368","2105296.java","selected","81","90","1370230.java","selected","78","88","24","3","0.727272727272727","0.890909090909091"
"725501","22324341","19891.java","default","13","17","2196988.java","selected","12","16","20","3","0.857142857142857","0.952380952380952"
"203113","4328783","96830.java","default","13","17","2721156.java","selected","22","26","20","3","0.857142857142857","0.976190476190476"
"652690","6234218","45886.java","default","13","17","1859243.java","selected","12","16","20","3","0.857142857142857","0.952380952380952"
"1920567","8359774","4280.java","selected","59","77","1962096.java","selected","51","69","7","3","0.85","0.951612903225806"
"353068","11298700","123780.java","default","13","17","1658863.java","selected","14","18","20","3","0.857142857142857","0.930232558139535"
"46804","59363","54665.java","default","63","112","61177.java","default","61","122","36","3","0.723076923076923","0.707423580786026"
"628780","666046","56554.java","default","46","54","86093.java","default","169","177","39","3","0.888888888888889","0.981481481481482"
"526736","536035","12121.java","default","26","62","127894.java","default","25","66","32","3","0.761904761904762","0.846394984326019"
"271833","801665","14340.java","default","19","135","6854.java","default","24","125","32","3","0.868217054263566","0.897940074906367"
"13476","11298700","84326.java","default","13","17","1658863.java","selected","14","18","20","3","0.857142857142857","0.930232558139535"
"224087","4328783","59549.java","default","13","17","2721156.java","selected","22","26","20","3","0.857142857142857","0.976190476190476"
"820622","23596438","113166.java","default","13","17","825906.java","selected","26","30","20","3","0.857142857142857","0.952380952380952"
"5454931","10303828","34946.java","selected","263","268","1666727.java","selected","206","211","23","3","0.875","0.988095238095238"
"161939","689699","100072.java","default","46","54","2138.java","default","83","91","39","3","0.888888888888889","0.981481481481482"
"266571","864227","64671.java","default","18","44","97964.java","default","57","80","10","3","0.888888888888889","0.878787878787879"
"206984","757697","6489.java","default","733","843","58183.java","default","1587","1694","45","3","0.837837837837838","0.940350877192982"
"202151","6234218","57783.java","default","13","17","1859243.java","selected","12","16","20","3","0.857142857142857","0.952380952380952"
"3210208","18712047","2309478.java","selected","51","59","844874.java","selected","31","39","41","3","0.727272727272727","0.89873417721519"
"9225969","23677139","1695775.java","selected","96","110","BubbleSort.java","sample","111","127","7","3","0.875","0.948979591836735"
"2996547","3148842","1404757.java","selected","26","98","2422221.java","selected","29","86","45","3","0.780821917808219","0.73792093704246"
"1357747","2159455","420047.java","selected","148","155","92861.java","selected","191","198","23","3","0.888888888888889","0.96969696969697"
"10750830","16743155","967523.java","selected","118","124","2557833.java","selected","167","172","23","3","0.714285714285714","0.864583333333333"
"23677122","23677127","FTP_ApacheCommonsNet_Samples.java","sample","11","16","FTP_ApacheCommonsNet_Samples.java","sample","47","53","6","3","0.714285714285714","0.892857142857143"
"5406874","13983500","2732883.java","selected","106","114","93785.java","selected","150","158","41","3","0.727272727272727","0.864583333333333"
"23677138","23677142","BubbleSort.java","sample","93","109","BubbleSort.java","sample","165","181","7","3","0.882352941176471","0.981981981981982"
"2413963","2537400","1778122.java","selected","138","147","2730348.java","selected","266","274","41","3","0.833333333333333","0.873873873873874"
"334118","3989355","57755.java","default","13","17","1544827.java","selected","32","36","20","3","0.857142857142857","0.930232558139535"
"8704581","21939507","366521.java","selected","61","67","1919406.java","selected","56","61","23","3","0.714285714285714","0.92156862745098"
"6823","46804","106970.java","default","61","117","54665.java","default","63","112","36","3","0.8","0.768558951965066"
"45025","23677214","107650.java","default","173","178","DeleteFolderRecursively.java","sample","11","17","39","3","0.714285714285714","0.928571428571429"
"10972333","21163435","93041.java","selected","639","644","2671715.java","selected","603","608","23","3","0.875","0.954022988505747"
"193053","11298700","40097.java","default","13","17","1658863.java","selected","14","18","20","3","0.857142857142857","0.930232558139535"
"725501","11298700","19891.java","default","13","17","1658863.java","selected","14","18","20","3","0.857142857142857","0.930232558139535"
"16788","49611","50602.java","default","41","60","29267.java","default","115","137","36","3","0.826086956521739","0.87719298245614"
"1968388","4031802","1514846.java","selected","23","31","1017245.java","selected","428","437","41","3","0.75","0.829268292682927"
"8842301","12363968","2419115.java","selected","27","36","127373.java","selected","412","421","24","3","0.8","0.785714285714286"
"3618819","19389536","748535.java","selected","426","435","1896417.java","selected","27","35","41","3","0.75","0.829268292682927"
"3353836","21884793","45530.java","selected","107","116","515120.java","selected","1754","1762","41","3","0.75","0.851851851851852"
"60311","881801","80413.java","default","101","109","26064.java","default","46","54","39","3","0.888888888888889","0.981481481481482"
"487413","3989355","7413.java","default","13","17","1544827.java","selected","32","36","20","3","0.857142857142857","0.930232558139535"
"3989355","6234218","1544827.java","selected","32","36","1859243.java","selected","12","16","20","3","0.857142857142857","0.930232558139535"
"7423625","13620416","2114878.java","selected","59","70","2645497.java","selected","239","250","24","3","0.75","0.848101265822785"
"10637999","14731799","1051350.java","selected","86","96","1921563.java","selected","134","144","41","3","0.846153846153846","0.951456310679612"
"34806","757635","8091.java","default","25","66","89049.java","default","26","62","32","3","0.761904761904762","0.846394984326019"
"189986","543575","9310.java","default","18","44","64845.java","default","18","49","10","3","0.84375","0.804878048780488"
"763710","9225969","102270.java","default","58","74","1695775.java","selected","96","110","7","3","0.777777777777778","0.895238095238095"
"6631513","15845539","1667191.java","selected","373","380","2114402.java","selected","119","128","24","3","0.7","0.763636363636364"
"4630753","9019939","932718.java","selected","73","83","1062090.java","selected","127","137","41","3","0.769230769230769","0.932038834951456"
"299389","11298700","113986.java","default","13","17","1658863.java","selected","14","18","20","3","0.857142857142857","0.930232558139535"
"238320","11298700","39708.java","default","13","17","1658863.java","selected","14","18","20","3","0.857142857142857","0.930232558139535"
"5406874","12849793","2732883.java","selected","106","114","1440276.java","selected","162","170","41","3","0.727272727272727","0.888888888888889"
"370547","22324341","53106.java","default","13","17","2196988.java","selected","12","16","20","3","0.857142857142857","0.952380952380952"
"6842292","13983500","994733.java","selected","242","250","93785.java","selected","150","158","41","3","0.727272727272727","0.887755102040816"
"473026","23596438","117763.java","default","13","17","825906.java","selected","26","30","20","3","0.857142857142857","0.952380952380952"
"20603726","20603727","16259.java","selected","18","26","16259.java","selected","35","43","41","3","0.818181818181818","0.958333333333333"
"6631502","10296435","1667191.java","selected","86","93","313018.java","selected","164","172","24","3","0.777777777777778","0.677966101694915"
"821503","11298700","66539.java","default","13","17","1658863.java","selected","14","18","20","3","0.857142857142857","0.930232558139535"
"8452131","8452132","1222008.java","selected","47","76","1222008.java","selected","78","104","6","3","0.833333333333333","0.84331797235023"
"217750","11298700","34939.java","default","13","17","1658863.java","selected","14","18","20","3","0.857142857142857","0.930232558139535"
"23677195","23677197","FileChooser.java","sample","9","36","FileChooser.java","sample","67","94","31","3","0.894736842105263","0.965217391304348"
"245913","890226","1396.java","default","25","66","64631.java","default","26","62","32","3","0.761904761904762","0.846394984326019"
"81852","212116","136733.java","default","328","340","129946.java","default","349","361","31","3","0.888888888888889","0.829383886255924"
"246646","789472","23311.java","default","18","49","42899.java","default","57","80","10","3","0.75","0.707317073170732"
"436084","781484","71851.java","default","124","131","74079.java","default","216","223","39","3","0.888888888888889","0.981132075471698"
"3616770","14560249","980861.java","selected","114","123","709779.java","selected","81","90","24","3","0.8","0.681818181818182"
"986109","6842292","2364886.java","selected","1221","1229","994733.java","selected","242","250","41","3","0.818181818181818","0.939393939393939"
"13983500","19987055","93785.java","selected","150","158","183896.java","selected","65","73","41","3","0.727272727272727","0.75"
"1666041","14731799","2296687.java","selected","92","102","1921563.java","selected","134","144","41","3","0.846153846153846","0.96078431372549"
"3626532","4369544","1817485.java","selected","102","130","466677.java","selected","36","64","43","3","0.7","0.871111111111111"
"165907","6234218","97910.java","default","13","17","1859243.java","selected","12","16","20","3","0.857142857142857","0.952380952380952"
"5676","131242","17532.java","default","61","122","135803.java","default","61","117","36","3","0.753846153846154","0.792576419213974"
"17704409","19373644","957763.java","selected","913","922","2587973.java","selected","426","435","41","3","0.75","0.802197802197802"
"3870229","15845539","178883.java","selected","18","26","2114402.java","selected","119","128","24","3","0.7","0.763636363636364"
"481375","23677139","6459.java","default","58","74","BubbleSort.java","sample","111","127","7","3","0.722222222222222","0.895238095238095"
"6328532","16536091","2742293.java","selected","166","176","1734265.java","selected","85","95","41","3","0.769230769230769","0.912621359223301"
"15006083","15141155","496129.java","selected","29","34","251674.java","selected","176","181","23","3","0.833333333333333","0.972222222222222"
"298517","6494291","120094.java","default","13","17","1252896.java","selected","73","77","20","3","0.714285714285714","0.952380952380952"
"10781751","17468722","1733369.java","selected","27","35","2485419.java","selected","233","241","41","3","0.727272727272727","0.780487804878049"
"6631502","6631513","1667191.java","selected","86","93","1667191.java","selected","373","380","24","3","0.875","0.954545454545455"
"24381","271833","136233.java","default","24","125","14340.java","default","19","135","32","3","0.868217054263566","0.897940074906367"
"398939","474163","89288.java","default","101","211","123784.java","default","98","196","29","3","0.807692307692308","0.836772983114447"
"135138","634190","24290.java","default","22","24","107006.java","default","20","22","20","3","0.8","0.970588235294118"
"801887","22324341","32955.java","default","13","17","2196988.java","selected","12","16","20","3","0.857142857142857","0.952380952380952"
"755767","4328783","76701.java","default","13","17","2721156.java","selected","22","26","20","3","0.857142857142857","0.976190476190476"
"3616770","15845539","980861.java","selected","114","123","2114402.java","selected","119","128","24","3","0.7","0.666666666666667"
"91670","92956","88126.java","default","63","112","29440.java","default","61","117","36","3","0.8","0.768558951965066"
"526734","656000","81983.java","default","18","134","98554.java","default","24","125","32","3","0.868217054263566","0.897940074906367"
"3353836","3618819","45530.java","selected","107","116","748535.java","selected","426","435","41","3","0.75","0.657407407407407"
"8704580","15194387","366521.java","selected","44","50","644987.java","selected","23","32","23","3","0.7","0.85"
"162020","818830","85997.java","default","18","134","62004.java","default","24","125","32","3","0.868217054263566","0.897940074906367"
"246646","727437","23311.java","default","18","49","12832.java","default","57","80","10","3","0.75","0.707317073170732"
"910479","11298700","53413.java","default","13","17","1658863.java","selected","14","18","20","3","0.857142857142857","0.930232558139535"
"1760180","10079208","62556.java","selected","83","90","1366996.java","selected","174","181","23","3","0.888888888888889","0.969387755102041"
"6982182","13002069","1706233.java","selected","487","495","2098840.java","selected","75","83","41","3","0.818181818181818","0.959183673469388"
"17621069","17621071","1791798.java","selected","24","32","1791798.java","selected","44","52","13","3","0.8","0.973333333333333"
"541801","6234218","17076.java","default","13","17","1859243.java","selected","12","16","20","3","0.857142857142857","0.952380952380952"
"881839","6234218","125703.java","default","13","17","1859243.java","selected","12","16","20","3","0.857142857142857","0.952380952380952"
"1936695","18257889","1109516.java","selected","143","153","2278603.java","selected","194","203","41","3","0.769230769230769","0.776699029126214"
"2413962","9346447","1778122.java","selected","127","136","2453374.java","selected","143","151","41","3","0.75","0.855855855855856"
"14313423","19389536","179109.java","selected","336","344","1896417.java","selected","27","35","41","3","0.727272727272727","0.695121951219512"
"453142","1239587","106458.java","default","8","20","257575.java","selected","118","128","39","3","0.714285714285714","0.824175824175824"
"757635","921626","89049.java","default","26","62","45706.java","default","25","66","32","3","0.761904761904762","0.846394984326019"
"1968388","6882723","1514846.java","selected","23","31","1857154.java","selected","199","210","41","3","0.714285714285714","0.757281553398058"
"156839","156840","131044.java","default","39","51","131044.java","default","53","64","36","3","0.769230769230769","0.934782608695652"
"458548","17331818","10482.java","default","22","24","256969.java","selected","16","18","20","3","0.8","0.942857142857143"
"4630753","14499002","932718.java","selected","73","83","1689589.java","selected","906","916","41","3","0.769230769230769","0.951456310679612"
"6823","42892","106970.java","default","61","117","33357.java","default","63","112","36","3","0.8","0.7117903930131"
"271833","656000","14340.java","default","19","135","98554.java","default","24","125","32","3","0.868217054263566","0.897940074906367"
"136068","11298700","10993.java","default","13","17","1658863.java","selected","14","18","20","3","0.857142857142857","0.930232558139535"
"7352931","23672254","843174.java","selected","20","28","2599757.java","selected","27","36","20","3","0.818181818181818","0.704225352112676"
"5236784","7707971","1202455.java","selected","7","15","1321014.java","selected","125","133","41","3","0.818181818181818","0.95959595959596"
"1229100","19389536","849403.java","selected","418","427","1896417.java","selected","27","35","41","3","0.75","0.829268292682927"
"853457","6234218","65107.java","default","13","17","1859243.java","selected","12","16","20","3","0.857142857142857","0.952380952380952"
"413480","634190","50039.java","default","22","24","107006.java","default","20","22","20","3","0.8","0.970588235294118"
"20578109","23539531","1702294.java","selected","312","391","2397265.java","selected","391","463","41","3","0.896551724137931","0.937409024745269"
"193560","6234218","95950.java","default","13","17","1859243.java","selected","12","16","20","3","0.857142857142857","0.952380952380952"
"128264","133838","51882.java","default","117","131","20708.java","default","71","84","30","3","0.8","0.903225806451613"
"891550","1668091","96188.java","default","185","196","410657.java","selected","38","49","7","3","0.714285714285714","0.868686868686869"
"946511","6494291","91574.java","default","13","17","1252896.java","selected","73","77","20","3","0.714285714285714","0.952380952380952"
"13030","374432","55476.java","default","46","54","106331.java","default","83","91","39","3","0.888888888888889","0.981481481481482"
"216509","8182888","89783.java","default","16","22","615216.java","selected","349","356","41","3","0.7","0.903225806451613"
"28135","6494291","27366.java","default","13","17","1252896.java","selected","73","77","20","3","0.714285714285714","0.952380952380952"
"165762","550310","91569.java","default","19","135","1604.java","default","24","125","32","3","0.868217054263566","0.897940074906367"
"2746","6234218","85301.java","default","13","17","1859243.java","selected","12","16","20","3","0.857142857142857","0.952380952380952"
"567927","8766039","130655.java","default","22","24","412096.java","selected","9","11","20","3","0.8","0.914285714285714"
"1612068","18712047","448380.java","selected","535","544","844874.java","selected","31","39","41","3","0.833333333333333","0.841463414634146"
"6328532","10637999","2742293.java","selected","166","176","1051350.java","selected","86","96","41","3","0.846153846153846","0.941747572815534"
"673502","11298700","69534.java","default","13","17","1658863.java","selected","14","18","20","3","0.857142857142857","0.930232558139535"
"17467511","17621069","358857.java","selected","174","182","1791798.java","selected","24","32","13","3","0.7","0.826666666666667"
"17468722","19971357","2485419.java","selected","233","241","2636968.java","selected","424","433","41","3","0.833333333333333","0.841463414634146"
"12363968","15765308","127373.java","selected","412","421","737213.java","selected","189","200","24","3","0.833333333333333","0.604938271604938"
"454281","3989355","12172.java","default","13","17","1544827.java","selected","32","36","20","3","0.857142857142857","0.930232558139535"
"21192","116074","74770.java","default","61","122","52894.java","default","61","117","36","3","0.753846153846154","0.792576419213974"
"561708","689989","137389.java","default","26","62","9437.java","default","25","66","32","3","0.761904761904762","0.846394984326019"
"207292","17331818","135130.java","default","22","24","256969.java","selected","16","18","20","3","0.8","0.942857142857143"
"927501","11298700","20528.java","default","13","17","1658863.java","selected","14","18","20","3","0.857142857142857","0.930232558139535"
"330418","781484","41775.java","default","124","131","74079.java","default","216","223","39","3","0.888888888888889","0.981132075471698"
"718537","11298700","76337.java","default","13","17","1658863.java","selected","14","18","20","3","0.857142857142857","0.930232558139535"
"10946870","13841414","1087206.java","selected","149","159","612274.java","selected","89","98","23","3","0.818181818181818","0.876190476190476"
"1789231","1789233","2379660.java","selected","104","120","2379660.java","selected","140","156","14","3","0.777777777777778","0.881889763779528"
"1666041","4630754","2296687.java","selected","92","102","932718.java","selected","85","95","41","3","0.769230769230769","0.922330097087379"
"193053","6234218","40097.java","default","13","17","1859243.java","selected","12","16","20","3","0.857142857142857","0.952380952380952"
"99598","766640","121579.java","default","25","66","76347.java","default","26","62","32","3","0.761904761904762","0.846394984326019"
"307528","17331818","48270.java","default","22","24","256969.java","selected","16","18","20","3","0.8","0.942857142857143"
"3814208","3989355","2560904.java","selected","35","39","1544827.java","selected","32","36","20","3","0.857142857142857","0.930232558139535"
"539004","17663965","13934.java","default","96","104","2557108.java","selected","29","37","41","3","0.818181818181818","0.96969696969697"
